family,workload,label,paired_repeats,candidate_vs_baseline_median,candidate_vs_baseline_ci95_low,candidate_vs_baseline_ci95_high,non_regression_pass,candidate_vs_curl_cffi_median,candidate_vs_curl_cffi_ci95_low,candidate_vs_curl_cffi_ci95_high,huge_target_applicable,huge_target_met
roundtrip,original-python-30b-c1,RT · Python · 30 B · 1 conn,12,1.03,0.9505464480874317,1.0842068483577918,true,1.1800708151927268,1.0885498556192528,1.3188594629615547,false,
roundtrip,go-30b-c1,RT · Go · 30 B · 1 conn,12,1.026190476190476,0.9229210227064304,1.0650344746990767,false,1.0520576731148161,0.9503106450174916,1.0883188938876045,false,
roundtrip,go-1024b-c1,RT · Go · 1 KiB · 1 conn,12,1.0119047619047619,0.9787889560374452,1.0754679144385029,true,1.0951724361183075,1.0303468519626349,1.12572480996303,false,
roundtrip,go-65536b-c1,RT · Go · 64 KiB · 1 conn,12,0.9302325581395349,0.9090439276485788,0.9658730158730159,false,1.251627557500591,1.2355012443176536,1.3025161314710298,false,
roundtrip,go-30b-c4,RT · Go · 30 B · 4 conn,12,1.0275876423740726,0.9222250764372713,1.0880078337193013,false,1.275604094653515,1.2039836149623144,1.3684622630328562,false,
roundtrip,go-1024b-c4,RT · Go · 1 KiB · 4 conn,12,1.0478449444293847,0.9124040920716112,1.1439521013885008,false,1.2170760899681907,1.1817151032479383,1.415272793806443,false,
roundtrip,go-65536b-c4,RT · Go · 64 KiB · 4 conn,12,0.9820694542877393,0.9423890063424947,1.0698765432098765,false,1.371533763229179,1.2566385961365518,1.470266542745283,false,
stream,stream-30b-flush1,Stream · 30 B · 1 frame/write,12,0.996753128523005,0.847212946054504,1.4521240687518726,false,1.0245980274555857,0.9533691729779681,1.5660590423883298,false,
stream,stream-1024b-flush1,Stream · 1 KiB · 1 frame/write,12,0.9335703637324615,0.8626855377167191,1.1099234037779342,false,1.2459760147767516,1.1678628848208017,1.3746915667146364,false,
stream,stream-65536b-flush1,Stream · 64 KiB · 1 frame/write,12,1.0666669003142202,0.9971986057636779,1.1004537104495071,true,1.371753777839828,1.2557942310679362,1.5195569184560567,true,false
stream,stream-30b-flush64,Stream · 30 B · 64 frames/write,12,1.1999747549136273,1.1753877110601874,1.2290314794751125,true,2.8183046761237573,2.7979399394311786,2.8887064634082424,false,
stream,stream-1024b-flush64,Stream · 1 KiB · 64 frames/write,12,1.1564778345703057,1.1048602294305763,1.2050082628855665,true,2.2871453537312822,2.1932995369797097,2.3690598245380805,false,
stream,stream-65536b-flush64,Stream · 64 KiB · 64 frames/write,12,1.0345964553226543,0.9579803675592156,1.174837479438285,true,1.4203149408103388,1.2344544949765195,1.497828277995517,true,false
